{
    "features": 68551.6655023098,
    "process_features_model_1_pred_0": 5.869147539138794,
    "predict_and_compile_model_1_pred_0": 175.02125668525696,
    "relax_model_1_pred_0": 32.67927956581116,
    "process_features_model_2_pred_0": 4.97211766242981,
    "predict_and_compile_model_2_pred_0": 164.58262968063354,
    "relax_model_2_pred_0": 28.888928413391113,
    "process_features_model_3_pred_0": 4.348979234695435,
    "predict_and_compile_model_3_pred_0": 139.8917133808136,
    "relax_model_3_pred_0": 28.227781057357788,
    "process_features_model_4_pred_0": 4.375873565673828,
    "predict_and_compile_model_4_pred_0": 140.14469718933105,
    "relax_model_4_pred_0": 28.044914960861206,
    "process_features_model_5_pred_0": 4.391070604324341,
    "predict_and_compile_model_5_pred_0": 135.01107358932495,
    "relax_model_5_pred_0": 28.600891590118408
}