{
    "plddts": {
        "model_1_pred_0": 94.42031546365511,
        "model_2_pred_0": 93.83610882962452,
        "model_3_pred_0": 95.07499410511137,
        "model_4_pred_0": 94.78849768097417,
        "model_5_pred_0": 94.6990515680806
    },
    "order": [
        "model_3_pred_0",
        "model_4_pred_0",
        "model_5_pred_0",
        "model_1_pred_0",
        "model_2_pred_0"
    ]
}