{
    "plddts": {
        "model_1_pred_0": 96.15485373326003,
        "model_2_pred_0": 96.10609224475108,
        "model_3_pred_0": 94.9535631613483,
        "model_4_pred_0": 94.77391832708338,
        "model_5_pred_0": 93.97052088254716
    },
    "order": [
        "model_1_pred_0",
        "model_2_pred_0",
        "model_3_pred_0",
        "model_4_pred_0",
        "model_5_pred_0"
    ]
}