{
    "plddts": {
        "model_1_pred_0": 96.23430726590902,
        "model_2_pred_0": 96.1863397876375,
        "model_3_pred_0": 94.98195416143062,
        "model_4_pred_0": 94.74325498287341,
        "model_5_pred_0": 94.672853532548
    },
    "order": [
        "model_1_pred_0",
        "model_2_pred_0",
        "model_3_pred_0",
        "model_4_pred_0",
        "model_5_pred_0"
    ]
}