{
    "features": 74765.53027510643,
    "process_features_model_1_pred_0": 3.1609930992126465,
    "predict_and_compile_model_1_pred_0": 19.698582887649536,
    "relax_model_1_pred_0": 16.691280364990234,
    "process_features_model_2_pred_0": 2.6692349910736084,
    "predict_and_compile_model_2_pred_0": 16.91848611831665,
    "relax_model_2_pred_0": 12.061127662658691,
    "process_features_model_3_pred_0": 2.386341094970703,
    "predict_and_compile_model_3_pred_0": 19.0210177898407,
    "relax_model_3_pred_0": 12.727211475372314,
    "process_features_model_4_pred_0": 2.295499801635742,
    "predict_and_compile_model_4_pred_0": 19.02120065689087,
    "relax_model_4_pred_0": 13.413724660873413,
    "process_features_model_5_pred_0": 2.274411916732788,
    "predict_and_compile_model_5_pred_0": 16.17457914352417,
    "relax_model_5_pred_0": 12.749244689941406
}