{
    "features": 62818.316494464874,
    "process_features_model_1_pred_0": 4.328922510147095,
    "predict_and_compile_model_1_pred_0": 130.34148907661438,
    "relax_model_1_pred_0": 18.181780338287354,
    "process_features_model_2_pred_0": 2.6114554405212402,
    "predict_and_compile_model_2_pred_0": 125.54228806495667,
    "relax_model_2_pred_0": 12.832517147064209,
    "process_features_model_3_pred_0": 2.43928861618042,
    "predict_and_compile_model_3_pred_0": 99.71681690216064,
    "relax_model_3_pred_0": 12.757885217666626,
    "process_features_model_4_pred_0": 2.4434525966644287,
    "predict_and_compile_model_4_pred_0": 98.77613139152527,
    "relax_model_4_pred_0": 12.481936693191528,
    "process_features_model_5_pred_0": 2.442239761352539,
    "predict_and_compile_model_5_pred_0": 98.56624507904053,
    "relax_model_5_pred_0": 12.941402673721313
}