{
    "plddts": {
        "model_1_pred_0": 97.8382408348248,
        "model_2_pred_0": 98.0333880918698,
        "model_3_pred_0": 97.95357240732999,
        "model_4_pred_0": 97.87762220232749,
        "model_5_pred_0": 98.01005290635183
    },
    "order": [
        "model_2_pred_0",
        "model_5_pred_0",
        "model_3_pred_0",
        "model_4_pred_0",
        "model_1_pred_0"
    ]
}