{
    "plddts": {
        "model_1_pred_0": 96.33581955161306,
        "model_2_pred_0": 96.37319732161686,
        "model_3_pred_0": 95.03744784753566,
        "model_4_pred_0": 94.55851742972175,
        "model_5_pred_0": 94.80862599292722
    },
    "order": [
        "model_2_pred_0",
        "model_1_pred_0",
        "model_3_pred_0",
        "model_5_pred_0",
        "model_4_pred_0"
    ]
}