{
    "features": 11622.595824956894,
    "process_features_model_1_pred_0": 3.1102073192596436,
    "predict_and_compile_model_1_pred_0": 19.705530881881714,
    "relax_model_1_pred_0": 14.547731876373291,
    "process_features_model_2_pred_0": 2.7888736724853516,
    "predict_and_compile_model_2_pred_0": 16.879279851913452,
    "relax_model_2_pred_0": 12.778759002685547,
    "process_features_model_3_pred_0": 2.462489604949951,
    "predict_and_compile_model_3_pred_0": 18.97463893890381,
    "relax_model_3_pred_0": 12.263250350952148,
    "process_features_model_4_pred_0": 2.3189311027526855,
    "predict_and_compile_model_4_pred_0": 19.01812720298767,
    "relax_model_4_pred_0": 12.957597732543945,
    "process_features_model_5_pred_0": 2.452971935272217,
    "predict_and_compile_model_5_pred_0": 16.13571333885193,
    "relax_model_5_pred_0": 13.220764636993408
}