{
    "features": 48176.165232658386,
    "process_features_model_1_pred_0": 2.706237554550171,
    "predict_and_compile_model_1_pred_0": 19.71413230895996,
    "relax_model_1_pred_0": 12.29619026184082,
    "process_features_model_2_pred_0": 2.759314775466919,
    "predict_and_compile_model_2_pred_0": 16.96142292022705,
    "relax_model_2_pred_0": 11.981359004974365,
    "process_features_model_3_pred_0": 2.4450583457946777,
    "predict_and_compile_model_3_pred_0": 19.06491780281067,
    "relax_model_3_pred_0": 12.61779260635376,
    "process_features_model_4_pred_0": 2.3612048625946045,
    "predict_and_compile_model_4_pred_0": 19.062026500701904,
    "relax_model_4_pred_0": 12.707910060882568,
    "process_features_model_5_pred_0": 2.377362012863159,
    "predict_and_compile_model_5_pred_0": 16.152182579040527,
    "relax_model_5_pred_0": 12.390655755996704
}