{
    "plddts": {
        "model_1_pred_0": 96.22751254008234,
        "model_2_pred_0": 96.09567293709294,
        "model_3_pred_0": 95.1020596003172,
        "model_4_pred_0": 94.65203576028715,
        "model_5_pred_0": 94.33841884319371
    },
    "order": [
        "model_1_pred_0",
        "model_2_pred_0",
        "model_3_pred_0",
        "model_4_pred_0",
        "model_5_pred_0"
    ]
}