{
    "features": 65949.59255051613,
    "process_features_model_1_pred_0": 2.6505770683288574,
    "predict_and_compile_model_1_pred_0": 19.692864656448364,
    "relax_model_1_pred_0": 12.753601551055908,
    "process_features_model_2_pred_0": 2.8164498805999756,
    "predict_and_compile_model_2_pred_0": 16.912527084350586,
    "relax_model_2_pred_0": 12.362384557723999,
    "process_features_model_3_pred_0": 2.372504711151123,
    "predict_and_compile_model_3_pred_0": 19.023295402526855,
    "relax_model_3_pred_0": 12.236873626708984,
    "process_features_model_4_pred_0": 2.351083278656006,
    "predict_and_compile_model_4_pred_0": 19.04772710800171,
    "relax_model_4_pred_0": 13.14312744140625,
    "process_features_model_5_pred_0": 2.261932611465454,
    "predict_and_compile_model_5_pred_0": 16.139564752578735,
    "relax_model_5_pred_0": 13.288694620132446
}